{
  "docs": {
    "概览": ["overview", "quickstart"],
    "API": ["api"],
    "配置项": ["global_options", "series_options"],
    "基本图表": [
      "bar",
      "boxPlot",
      "effectScatter",
      "funnel",
      "gauge",
      "geo",
      "graph",
      "heatmap",
      "kline",
      "line",
      "liquid",
      "map",
      "parallel",
      "pie",
      "radar",
      "sankey",
      "scatter",
      "themeRiver",
      "wordCloud"
    ],
    "3D 图表": ["bar3d", "line3d", "scatter3d", "surface3d"],
    "组合图表": ["overlap", "page"],
    "数据集": ["assets_file", "map_coords"],
    "进阶话题": ["themes", "map_file", "javascript"],
    "更新日志": ["changelog"]
  }
}